player_id,short_name,long_name,age,dob,height_cm,weight_kg,fifa_version,fifa_update,update_as_of,player_positions,overall,potential,value_eur,club_name,league_name,nationality_name,preferred_foot,skill_moves,shooting,passing,dribbling,defending,physic,attacking_crossing,attacking_finishing,attacking_heading_accuracy,attacking_short_passing,skill_dribbling,skill_long_passing,skill_ball_control,movement_acceleration,movement_agility,power_shot_power,power_long_shots,mentality_positioning,mentality_vision,defending_marking_awareness,defending_standing_tackle,goalkeeping_positioning,goalkeeping_reflexes,ls,st,rs,lw,lf,cf,rf,rw,lam,cam,ram,lm,lcm,cm,rcm,rm,lwb,ldm,cdm,rdm,rwb,lb,lcb,cb,rcb,rb,gk
1,Casemiro,Carlos Henrique Venancio Casimiro,31,1992-02-23,185,84,24.0,2.0,2023-09-22,CDM,89,89,72000000.0,Manchester United,Premier League,Brazil,Right,2,75.0,79.0,73.0,89.0,88.0,68,69,84,84,69,85,79,60,61,88,81,77,79,90,89,12,12,78+3,78+3,78+3,74,77,77,77,74,77+3,77+3,77+3,76+3,82+3,82+3,82+3,76+3,82+3,87+2,87+2,87+2,82+3,83+3,87+2,87+2,87+2,83+3,21+3
2,K. Benzema,Karim Benzema,35,1987-12-19,185,81,24.0,2.0,2023-09-22,"CF, ST",90,90,51000000.0,Al Ittihad,Pro League,France,Right,4,88.0,83.0,87.0,39.0,78.0,75,91,90,89,87,76,91,78,77,87,81,92,90,43,24,5,7,88+2,88+2,88+2,86,89,89,89,86,88+2,88+2,88+2,86+3,82+3,82+3,82+3,86+3,64+3,64+3,64+3,64+3,64+3,60+3,55+3,55+3,55+3,60+3,18+3
3,L. Messi,Lionel Andrés Messi Cuccittini,36,1987-06-24,169,67,24.0,2.0,2023-09-22,"CF, CAM",90,90,41000000.0,Inter Miami,Major League Soccer,Argentina,Left,4,87.0,90.0,94.0,33.0,64.0,83,89,60,91,96,90,93,87,91,83,90,91,92,20,35,14,8,85+3,85+3,85+3,90,89,89,89,90,91-1,91-1,91-1,89+1,85+3,85+3,85+3,89+1,64+3,63+3,63+3,63+3,64+3,59+3,49+3,49+3,49+3,59+3,19+3
4,R. Lewandowski,Robert Lewandowski,34,1988-08-21,185,81,24.0,2.0,2023-09-22,ST,90,90,58000000.0,FC Barcelona,La Liga,Poland,Right,4,91.0,80.0,87.0,44.0,84.0,76,93,91,84,86,70,90,76,77,91,84,94,81,35,42,8,10,89+1,89+1,89+1,85,88,88,88,85,86+3,86+3,86+3,84+3,80+3,80+3,80+3,84+3,65+3,66+3,66+3,66+3,65+3,61+3,61+3,61+3,61+3,61+3,19+3
5,M. Kovačić,Mateo Kovačić,29,1994-05-06,177,80,24.0,2.0,2023-09-22,"CM, CDM",82,82,29500000.0,Manchester City,Premier League,Croatia,Right,4,69.0,82.0,87.0,71.0,70.0,73,61,42,89,87,84,88,76,86,78,76,73,82,73,75,7,7,72+3,72+3,72+3,79,78,78,78,79,82,82,82,80+2,82,82,82,80+2,77+3,79+3,79+3,79+3,77+3,74+3,71+3,71+3,71+3,74+3,15+3
6,N. Otamendi,Nicolás Hernán Gonzalo Otamendi,35,1988-02-12,183,78,24.0,2.0,2023-09-22,CB,82,82,8000000.0,Benfica,Liga Portugal,Argentina,Right,2,57.0,64.0,59.0,83.0,85.0,52,54,79,74,51,72,66,63,58,69,56,48,62,84,84,11,12,64+3,64+3,64+3,60,62,62,62,60,63+3,63+3,63+3,63+3,69+3,69+3,69+3,63+3,74+3,79+3,79+3,79+3,74+3,76+3,82,82,82,76+3,18+3
7,D. Alaba,David Olatukunbo Alaba,31,1992-06-24,180,78,24.0,2.0,2023-09-22,"CB, LB",85,85,37000000.0,Real Madrid,La Liga,Austria,Left,3,71.0,83.0,80.0,85.0,77.0,83,63,77,89,77,80,85,79,76,82,78,73,78,89,84,15,9,77+3,77+3,77+3,79,79,79,79,79,80+3,80+3,80+3,80+3,82+3,82+3,82+3,80+3,84+1,84+1,84+1,84+1,84+1,84+1,84+1,84+1,84+1,84+1,18+3
8,Neymar Jr,Neymar da Silva Santos Júnior,31,1992-02-05,175,68,24.0,2.0,2023-09-22,LW,89,89,85500000.0,Al Hilal,Pro League,Brazil,Right,5,83.0,85.0,93.0,37.0,61.0,83,83,63,85,95,81,94,88,93,79,81,86,90,35,32,15,11,82+3,82+3,82+3,88,88,88,88,88,89,89,89,88+1,82+3,82+3,82+3,88+1,66+3,63+3,63+3,63+3,66+3,61+3,50+3,50+3,50+3,61+3,20+3
9,M. ter Stegen,Marc-André ter Stegen,31,1992-04-30,187,85,24.0,2.0,2023-09-22,GK,89,89,54500000.0,FC Barcelona,La Liga,Germany,Right,1,,,,,,18,14,11,61,21,63,30,45,39,67,10,11,70,25,13,86,91,35+3,35+3,35+3,35,38,38,38,35,42+3,42+3,42+3,39+3,45+3,45+3,45+3,39+3,33+3,41+3,41+3,41+3,33+3,31+3,33+3,33+3,33+3,31+3,87+2
10,O. Giroud,Olivier Giroud,36,1986-09-30,193,91,24.0,2.0,2023-09-22,ST,82,82,10500000.0,Milan,Serie A,France,Left,3,83.0,74.0,74.0,42.0,80.0,64,87,89,82,69,64,86,38,55,86,69,88,78,37,37,6,5,81+1,81+1,81+1,73,78,78,78,73,77+3,77+3,77+3,72+3,74+3,74+3,74+3,72+3,56+3,61+3,61+3,61+3,56+3,53+3,57+3,57+3,57+3,53+3,18+3
11,K. De Bruyne,Kevin De Bruyne,32,1991-06-28,181,75,24.0,2.0,2023-09-22,"CM, CAM",91,91,103000000.0,Manchester City,Premier League,Belgium,Right,4,88.0,94.0,87.0,65.0,78.0,95,85,55,94,86,94,92,72,74,92,92,88,95,66,70,10,13,83+3,83+3,83+3,87,88,88,88,87,89+2,89+2,89+2,88+3,90+1,90+1,90+1,88+3,79+3,80+3,80+3,80+3,79+3,75+3,70+3,70+3,70+3,75+3,21+3
12,K. Trippier,Kieran Trippier,32,1990-09-19,173,71,24.0,2.0,2023-09-22,RB,85,85,37500000.0,Newcastle United,Premier League,England,Right,3,65.0,86.0,79.0,82.0,72.0,92,54,79,84,76,86,85,73,66,82,71,77,85,82,84,11,10,73+2,73+2,73+2,77,77,77,77,77,78+2,78+2,78+2,80+2,83+2,83+2,83+2,80+2,83+2,83+2,83+2,83+2,83+2,82+2,80+2,80+2,80+2,82+2,19+2
13,Alisson,Alisson Ramsés Becker,30,1992-10-02,193,91,24.0,2.0,2023-09-22,GK,89,90,77500000.0,Liverpool,Premier League,Brazil,Right,1,,,,,,17,13,29,60,27,58,42,60,40,64,14,13,66,15,19,90,89,39+3,39+3,39+3,39,42,42,42,39,45+3,45+3,45+3,42+3,46+3,46+3,46+3,42+3,34+3,39+3,39+3,39+3,34+3,33+3,33+3,33+3,33+3,33+3,87+3
14,T. Courtois,Thibaut Nicolas Marc Courtois,31,1992-05-11,199,96,24.0,2.0,2023-09-22,GK,90,90,63000000.0,Real Madrid,La Liga,Belgium,Left,1,,,,,,14,14,13,33,13,35,23,42,63,57,17,13,44,20,18,90,93,32+3,32+3,32+3,30,31,31,31,30,32+3,32+3,32+3,31+3,33+3,33+3,33+3,31+3,29+3,31+3,31+3,31+3,29+3,29+3,29+3,29+3,29+3,29+3,88+2
15,E. Martínez,Damián Emiliano Martínez,30,1992-09-02,195,88,24.0,2.0,2023-09-22,GK,85,85,36000000.0,Aston Villa,Premier League,Argentina,Right,1,,,,,,22,16,26,57,17,59,38,59,49,62,16,12,66,11,20,84,85,37+3,37+3,37+3,37,39,39,39,37,43+3,43+3,43+3,41+3,45+3,45+3,45+3,41+3,35+3,39+3,39+3,39+3,35+3,34+3,33+3,33+3,33+3,34+3,83+2
16,S. Russo,Stefano Russo,23,2000-06-29,183,75,24.0,2.0,2023-09-22,"CDM, CB",64,72,1200000.0,Viktoria Köln,3. Liga,Germany,Right,2,53.0,57.0,61.0,61.0,73.0,50,43,55,65,59,61,63,61,66,69,62,44,50,59,63,7,13,56+2,56+2,56+2,56,56,56,56,56,57+2,57+2,57+2,57+2,60+2,60+2,60+2,57+2,61+2,63+2,63+2,63+2,61+2,61+2,63+2,63+2,63+2,61+2,15+2
17,J. Oblak,Jan Oblak,30,1993-01-07,188,87,24.0,2.0,2023-09-22,GK,88,88,61000000.0,Atlético Madrid,La Liga,Slovenia,Right,1,,,,,,13,11,15,43,12,40,30,42,64,59,12,11,67,27,14,86,87,32+3,32+3,32+3,32,34,34,34,32,37+3,37+3,37+3,34+3,39+3,39+3,39+3,34+3,32+3,37+3,37+3,37+3,32+3,32+3,34+3,34+3,34+3,32+3,86+2
18,A. Griezmann,Antoine Griezmann,32,1991-03-21,176,73,24.0,2.0,2023-09-22,"ST, CF",88,88,74000000.0,Atlético Madrid,La Liga,France,Left,4,88.0,87.0,88.0,58.0,75.0,82,90,85,89,88,86,89,80,89,85,87,90,88,45,63,13,14,87+1,87+1,87+1,87,88,88,88,87,88,88,88,87+1,85+3,85+3,85+3,87+1,75+3,74+3,74+3,74+3,75+3,73+3,68+3,68+3,68+3,73+3,21+3
19,H. Kane,Harry Kane,29,1993-07-28,188,85,24.0,2.0,2023-09-22,ST,90,90,119500000.0,FC Bayern München,Bundesliga,England,Right,3,93.0,84.0,83.0,49.0,83.0,80,95,89,87,82,88,87,67,66,93,87,94,87,46,46,14,11,89+1,89+1,89+1,84,87,87,87,84,86+3,86+3,86+3,85+3,83+3,83+3,83+3,85+3,67+3,69+3,69+3,69+3,67+3,64+3,63+3,63+3,63+3,64+3,20+3
20,V. van Dijk,Virgil van Dijk,31,1991-07-08,193,92,24.0,2.0,2023-09-22,CB,89,89,70500000.0,Liverpool,Premier League,Netherlands,Right,2,60.0,71.0,72.0,89.0,86.0,53,52,86,79,70,86,76,66,59,81,64,47,65,90,91,11,11,70+3,70+3,70+3,67,69,69,69,67,70+3,70+3,70+3,70+3,75+3,75+3,75+3,70+3,79+3,84+3,84+3,84+3,79+3,81+3,88+1,88+1,88+1,81+3,20+3
21,M. Salah,Mohamed Salah Ghaly,31,1992-06-15,175,71,24.0,2.0,2023-09-22,RW,89,89,85500000.0,Liverpool,Premier League,Egypt,Left,4,87.0,81.0,88.0,45.0,76.0,80,92,59,84,88,77,86,89,89,82,84,92,84,38,43,11,14,85+3,85+3,85+3,88,87,87,87,88,87+2,87+2,87+2,87+2,82+3,82+3,82+3,87+2,71+3,68+3,68+3,68+3,71+3,67+3,58+3,58+3,58+3,67+3,22+3
22,L. Goretzka,Leon Christoph Goretzka,28,1995-02-06,189,82,24.0,2.0,2023-09-22,"CM, CDM",85,85,54000000.0,FC Bayern München,Bundesliga,Germany,Right,3,81.0,81.0,83.0,80.0,86.0,75,81,86,85,84,83,84,75,75,85,86,84,82,74,83,11,9,83+2,83+2,83+2,82,83,83,83,82,83+2,83+2,83+2,82+3,84+1,84+1,84+1,82+3,81+3,83+2,83+2,83+2,81+3,81+3,83+2,83+2,83+2,81+3,19+3
23,J. Kimmich,Joshua Walter Kimmich,28,1995-02-08,177,75,24.0,2.0,2023-09-22,"CDM, RB, CM",88,89,88000000.0,FC Bayern München,Bundesliga,Germany,Right,3,74.0,88.0,84.0,82.0,79.0,91,68,72,88,82,91,85,77,84,78,83,80,85,82,84,15,15,77+3,77+3,77+3,82,81,81,81,82,83+3,83+3,83+3,83+3,86+3,86+3,86+3,83+3,84+3,86+3,86+3,86+3,84+3,83+3,81+3,81+3,81+3,83+3,21+3
24,R. Varane,Raphaël Varane,30,1993-04-25,191,81,24.0,2.0,2023-09-22,CB,85,85,44000000.0,Manchester United,Premier League,France,Right,2,49.0,64.0,67.0,86.0,78.0,42,46,85,78,61,76,76,75,62,52,53,55,59,88,87,5,14,66+3,66+3,66+3,65,66,66,66,65,67+3,67+3,67+3,66+3,71+3,71+3,71+3,66+3,75+3,80+3,80+3,80+3,75+3,78+3,84+1,84+1,84+1,78+3,19+3
25,M. Depay,Memphis Depay,29,1994-02-13,176,78,24.0,2.0,2023-09-22,"CF, LW, ST",84,84,42000000.0,Atlético Madrid,La Liga,Netherlands,Right,5,82.0,81.0,85.0,30.0,80.0,84,82,65,80,86,75,85,81,81,85,82,85,85,23,31,12,10,82+2,82+2,82+2,84,83,83,83,84,83+1,83+1,83+1,83+1,77+3,77+3,77+3,83+1,61+3,59+3,59+3,59+3,61+3,56+3,50+3,50+3,50+3,56+3,19+3
26,T. Werner,Timo Werner,27,1996-03-06,180,76,24.0,2.0,2023-09-22,ST,82,83,35500000.0,RB Leipzig,Bundesliga,Germany,Right,3,80.0,70.0,82.0,35.0,69.0,69,78,75,79,82,55,83,93,79,85,77,86,68,39,20,15,9,81+2,81+2,81+2,81,82,82,82,81,79+3,79+3,79+3,80+3,71+3,71+3,71+3,80+3,61+3,56+3,56+3,56+3,61+3,58+3,50+3,50+3,50+3,58+3,19+3
27,D. Berardi,Domenico Berardi,28,1994-08-01,183,72,24.0,2.0,2023-09-22,"RW, RM",85,85,54500000.0,Sassuolo,Serie A,Italy,Left,4,83.0,81.0,87.0,36.0,72.0,78,85,62,85,86,79,87,82,92,83,80,86,83,42,30,5,6,81+2,81+2,81+2,84,84,84,84,84,85,85,85,84+1,78+2,78+2,78+2,84+1,63+2,62+2,62+2,62+2,63+2,58+2,52+2,52+2,52+2,58+2,14+2
28,A. Rabiot,Adrien Rabiot,28,1995-04-03,191,80,24.0,2.0,2023-09-22,"CM, LM",84,84,42000000.0,Juventus,Serie A,France,Left,3,76.0,80.0,80.0,82.0,84.0,73,72,79,85,80,84,85,76,69,86,78,82,83,80,84,7,15,80+2,80+2,80+2,80,81,81,81,80,81+2,81+2,81+2,81+2,84,84,84,81+2,82+2,83+1,83+1,83+1,82+2,81+2,82+2,82+2,82+2,81+2,19+2
29,J. Stones,John Stones,29,1994-05-28,188,76,24.0,2.0,2023-09-22,"CB, RB",85,86,49500000.0,Manchester City,Premier League,England,Right,3,52.0,75.0,77.0,85.0,77.0,63,54,84,86,75,79,84,67,66,55,44,52,78,86,86,10,8,68+2,68+2,68+2,71,71,71,71,71,74+2,74+2,74+2,74+2,78+2,78+2,78+2,74+2,80+2,83+2,83+2,83+2,80+2,81+2,84+2,84+2,84+2,81+2,18+2
30,S. Lobotka,Stanislav Lobotka,28,1994-11-25,170,64,24.0,2.0,2023-09-22,"CM, CDM",84,84,42000000.0,Napoli,Serie A,Slovakia,Right,3,70.0,81.0,83.0,77.0,75.0,75,70,45,85,82,85,86,76,77,73,77,78,85,78,82,13,14,73+2,73+2,73+2,79,79,79,79,79,81+2,81+2,81+2,80+2,84,84,84,80+2,80+2,82+2,82+2,82+2,80+2,79+2,76+2,76+2,76+2,79+2,19+2
31,F. Dimarco,Federico Dimarco,25,1997-11-10,175,75,24.0,2.0,2023-09-22,"LWB, LM, CB",82,85,37000000.0,Inter,Serie A,Italy,Left,3,71.0,80.0,79.0,74.0,71.0,85,69,49,80,78,78,84,81,74,69,76,81,77,77,76,7,7,73+2,73+2,73+2,79,78,78,78,79,79+2,79+2,79+2,80+2,80+2,80+2,80+2,80+2,80+2,78+2,78+2,78+2,80+2,78+2,73+2,73+2,73+2,78+2,16+2
32,P. Dybala,Paulo Bruno Exequiel Dybala,29,1993-11-15,177,75,24.0,2.0,2023-09-22,"CF, CAM",86,86,68000000.0,Roma,Serie A,Argentina,Left,4,85.0,85.0,90.0,40.0,60.0,82,83,58,86,90,79,93,84,88,84,89,82,91,32,41,5,8,81+3,81+3,81+3,86,85,85,85,86,87-1,87-1,87-1,85+1,81+3,81+3,81+3,85+1,66+3,63+3,63+3,63+3,66+3,61+3,51+3,51+3,51+3,61+3,14+3
33,A. Onana,André Onana,27,1996-04-02,190,93,24.0,2.0,2023-09-22,GK,85,86,46000000.0,Manchester United,Premier League,Cameroon,Right,1,,,,,,15,12,20,43,26,53,38,62,66,66,17,11,64,12,18,84,85,37+3,37+3,37+3,37,39,39,39,37,42+3,42+3,42+3,40+3,42+3,42+3,42+3,40+3,32+3,37+3,37+3,37+3,32+3,32+3,32+3,32+3,32+3,32+3,83+3
34,A. Robertson,Andrew Robertson,29,1994-03-11,178,64,24.0,2.0,2023-09-22,LB,86,86,59500000.0,Liverpool,Premier League,Scotland,Left,3,61.0,82.0,81.0,81.0,77.0,87,55,67,82,81,76,83,82,75,76,65,80,82,82,83,7,14,72+3,72+3,72+3,79,78,78,78,79,79+3,79+3,79+3,81+3,81+3,81+3,81+3,81+3,84+2,82+3,82+3,82+3,84+2,83+3,79+3,79+3,79+3,83+3,18+3
35,B. Babić,Boris Babić,25,1997-11-10,180,82,24.0,2.0,2023-09-22,ST,64,69,875000.0,Lugano,Super League,Switzerland,Right,3,61.0,50.0,64.0,27.0,68.0,46,63,64,52,62,36,62,79,74,63,53,66,63,35,18,8,16,64+2,64+2,64+2,63,64,64,64,63,61+2,61+2,61+2,61+2,52+2,52+2,52+2,61+2,45+2,42+2,42+2,42+2,45+2,44+2,42+2,42+2,42+2,44+2,18+2
36,Bruno Fernandes,Bruno Miguel Borges Fernandes,28,1994-09-08,179,69,24.0,2.0,2023-09-22,"CAM, CM",88,88,92000000.0,Manchester United,Premier League,Portugal,Right,4,86.0,90.0,83.0,69.0,77.0,87,83,66,90,81,92,88,74,78,88,88,88,94,69,74,8,14,82+3,82+3,82+3,85,85,85,85,85,87+1,87+1,87+1,86+2,88,88,88,86+2,79+3,81+3,81+3,81+3,79+3,77+3,73+3,73+3,73+3,77+3,21+3
37,Bernardo Silva,Bernardo Mota Veiga de Carvalho e Silva,28,1994-08-10,173,64,24.0,2.0,2023-09-22,"CM, RW",88,88,91500000.0,Manchester City,Premier League,Portugal,Left,4,78.0,86.0,92.0,70.0,69.0,84,78,54,91,92,82,91,78,95,79,79,85,87,70,76,12,9,78+3,78+3,78+3,85,84,84,84,85,87+1,87+1,87+1,86+2,87+1,87+1,87+1,86+2,80+3,80+3,80+3,80+3,80+3,76+3,70+3,70+3,70+3,76+3,19+3
38,R. De Paul,Rodrigo Javier De Paul,29,1994-05-24,180,70,24.0,2.0,2023-09-22,CM,84,84,41000000.0,Atlético Madrid,La Liga,Argentina,Right,4,77.0,83.0,82.0,75.0,83.0,78,76,58,85,82,85,85,80,78,80,78,78,86,72,81,7,14,77+3,77+3,77+3,81,81,81,81,81,82+2,82+2,82+2,82+2,84,84,84,82+2,81+3,82+2,82+2,82+2,81+3,79+3,77+3,77+3,77+3,79+3,19+3
39,N. Barella,Nicolò Barella,26,1997-02-07,175,68,24.0,2.0,2023-09-22,CM,86,88,83500000.0,Inter,Serie A,Italy,Right,3,78.0,82.0,85.0,78.0,80.0,79,78,53,86,81,83,87,79,90,77,79,83,83,80,79,14,11,78+3,78+3,78+3,83,82,82,82,83,84+3,84+3,84+3,83+3,85+3,85+3,85+3,83+3,83+3,84+3,84+3,84+3,83+3,82+3,78+3,78+3,78+3,82+3,19+3
40,G. Mancini,Gianluca Mancini,27,1996-04-17,190,77,24.0,2.0,2023-09-22,CB,83,85,38500000.0,Roma,Serie A,Italy,Right,2,45.0,54.0,62.0,83.0,86.0,34,48,83,67,55,68,76,59,34,51,34,32,51,84,84,6,8,60+2,60+2,60+2,56,58,58,58,56,58+2,58+2,58+2,60+2,66+2,66+2,66+2,60+2,73+2,78+2,78+2,78+2,73+2,75+2,83+2,83+2,83+2,75+2,18+2
41,Rúben Dias,Rúben dos Santos Gato Alves Dias,26,1997-05-14,187,82,24.0,2.0,2023-09-22,CB,89,90,106500000.0,Manchester City,Premier League,Portugal,Right,2,39.0,66.0,69.0,89.0,87.0,54,29,87,83,64,76,75,54,60,74,26,39,51,91,91,7,12,61+3,61+3,61+3,60,61,61,61,60,62+3,62+3,62+3,64+3,70+3,70+3,70+3,64+3,78+3,83+3,83+3,83+3,78+3,80+3,88+2,88+2,88+2,80+3,18+3
42,M. Locatelli,Manuel Locatelli,25,1998-01-08,185,75,24.0,2.0,2023-09-22,"CDM, CM",82,86,38500000.0,Juventus,Serie A,Italy,Right,3,70.0,80.0,78.0,79.0,80.0,73,62,68,85,79,83,83,65,65,79,82,68,82,80,83,10,15,73+2,73+2,73+2,75,76,76,76,75,78+2,78+2,78+2,77+2,81+2,81+2,81+2,77+2,79+2,81+2,81+2,81+2,79+2,78+2,78+2,78+2,78+2,78+2,19+2
43,M. Zaccagni,Mattia Zaccagni,28,1995-06-16,177,63,24.0,2.0,2023-09-22,LW,82,82,30500000.0,Lazio,Serie A,Italy,Right,4,77.0,74.0,88.0,57.0,67.0,72,79,66,78,89,75,86,89,92,78,76,79,77,55,58,8,7,79+2,79+2,79+2,82,82,82,82,82,82,82,82,81+1,78+2,78+2,78+2,81+1,71+2,69+2,69+2,69+2,71+2,69+2,63+2,63+2,63+2,69+2,19+2
44,G. Vicario,Guglielmo Vicario,26,1996-10-07,188,76,24.0,2.0,2023-09-22,GK,82,85,30500000.0,Tottenham Hotspur,Premier League,Italy,Right,1,,,,,,11,6,11,27,12,27,14,34,40,59,5,8,69,23,11,83,85,24+2,24+2,24+2,23,26,26,26,23,28+2,28+2,28+2,25+2,28+2,28+2,28+2,25+2,22+2,25+2,25+2,25+2,22+2,22+2,23+2,23+2,23+2,22+2,81+2
45,Dani Olmo,Daniel Olmo Carvajal,25,1998-05-07,179,72,24.0,2.0,2023-09-22,"CAM, CF",83,87,50500000.0,RB Leipzig,Bundesliga,Spain,Right,4,76.0,82.0,86.0,50.0,59.0,78,74,43,86,87,79,86,77,86,79,77,82,85,50,50,12,11,75+3,75+3,75+3,81,81,81,81,81,83+3,83+3,83+3,81+3,80+3,80+3,80+3,81+3,69+3,68+3,68+3,68+3,69+3,64+3,56+3,56+3,56+3,64+3,21+3
46,K. Havertz,Kai Lukas Havertz,24,1999-06-11,190,82,24.0,2.0,2023-09-22,"CAM, RW, ST",82,87,46000000.0,Arsenal,Premier League,Germany,Left,4,79.0,79.0,83.0,45.0,68.0,74,81,80,83,84,79,85,75,75,76,78,83,81,39,46,10,12,81+3,81+3,81+3,81,82,82,82,81,82+3,82+3,82+3,81+3,78+3,78+3,78+3,81+3,65+3,63+3,63+3,63+3,65+3,62+3,56+3,56+3,56+3,62+3,17+3
47,T. Alexander-Arnold,Trent Alexander-Arnold,24,1998-10-07,180,69,24.0,2.0,2023-09-22,RB,86,88,81000000.0,Liverpool,Premier League,England,Right,3,69.0,90.0,79.0,80.0,73.0,93,62,69,88,78,91,84,73,72,82,75,78,90,79,83,6,7,75+3,75+3,75+3,80,79,79,79,80,82+3,82+3,82+3,83+3,85+3,85+3,85+3,83+3,84+3,83+3,83+3,83+3,84+3,83+3,78+3,78+3,78+3,83+3,19+3
48,A. Bastoni,Alessandro Bastoni,24,1999-04-13,190,75,24.0,2.0,2023-09-22,CB,85,90,73500000.0,Inter,Serie A,Italy,Left,2,35.0,72.0,73.0,86.0,83.0,70,26,83,78,73,82,76,68,58,49,37,39,69,87,87,11,12,59+2,59+2,59+2,65,63,63,63,65,66+2,66+2,66+2,69+2,73+2,73+2,73+2,69+2,80+2,82+2,82+2,82+2,80+2,81+2,84+2,84+2,84+2,81+2,18+2
49,G. Donnarumma,Gianluigi Donnarumma,24,1999-02-25,196,90,24.0,2.0,2023-09-22,GK,87,90,85000000.0,Paris Saint Germain,Ligue 1,Italy,Right,1,,,,,,12,12,12,36,28,34,30,50,64,59,18,14,60,20,14,83,89,34+3,34+3,34+3,34,36,36,36,34,38+3,38+3,38+3,35+3,37+3,37+3,37+3,35+3,31+3,34+3,34+3,34+3,31+3,30+3,31+3,31+3,31+3,30+3,85+3
50,E. Brignola,Enrico Brignola,23,1999-07-08,168,71,24.0,2.0,2023-09-22,"RM, CAM",64,69,875000.0,Catanzaro,Serie B,Italy,Left,3,59.0,62.0,67.0,35.0,58.0,60,57,50,62,66,60,66,81,81,65,58,57,61,32,31,8,5,61+2,61+2,61+2,64,63,63,63,64,63+2,63+2,63+2,63+2,59+2,59+2,59+2,63+2,52+2,50+2,50+2,50+2,52+2,50+2,45+2,45+2,45+2,50+2,14+2
51,F. Grillo,Fausto Grillo,26,1993-02-20,181,78,20.0,2.0,2019-09-19,"CB, LB",67,71,875000.0,Göztepe,Super Lig,Argentina,Left,2,35.0,48.0,62.0,65.0,74.0,48,33,67,55,63,31,55,71,70,32,36,44,53,66,66,13,14,52+2,52+2,52+2,55,53,53,53,55,54+2,54+2,54+2,56+2,53+2,53+2,53+2,56+2,62+2,59+2,59+2,59+2,62+2,63+2,66+2,66+2,66+2,63+2,18+2
52,R. Borré,Rafael Santos Borré Maury,27,1995-09-15,174,70,24.0,2.0,2023-09-22,ST,76,76,8000000.0,Werder Bremen,Bundesliga,Colombia,Right,3,75.0,74.0,77.0,45.0,76.0,71,75,74,77,75,69,76,83,84,79,73,78,78,44,45,11,8,76,76,76,76,76,76,76,76,76,76,76,76,73+2,73+2,73+2,76,62+2,62+2,62+2,62+2,62+2,59+2,57+2,57+2,57+2,59+2,18+2
53,Evander,Evander da Silva Ferreira,25,1998-06-09,178,73,24.0,2.0,2023-09-22,"CM, CAM",75,79,8000000.0,Portland Timbers,Major League Soccer,Brazil,Right,4,71.0,75.0,79.0,67.0,68.0,73,69,51,76,79,75,78,76,83,77,71,71,75,71,68,11,6,70+2,70+2,70+2,75,74,74,74,75,75+2,75+2,75+2,75+2,75+2,75+2,75+2,75+2,72+2,72+2,72+2,72+2,72+2,70+2,66+2,66+2,66+2,70+2,16+2
54,Matheus Pereira,Matheus Pereira da Silva,25,1998-02-25,181,68,24.0,2.0,2023-09-22,CDM,71,77,2600000.0,SD Eibar,La Liga 2,Brazil,Left,3,64.0,69.0,75.0,66.0,68.0,59,65,52,74,77,72,75,66,81,58,71,61,69,62,72,9,10,66+2,66+2,66+2,70,69,69,69,70,71+2,71+2,71+2,70+2,72+2,72+2,72+2,70+2,69+2,70+2,70+2,70+2,69+2,68+2,67+2,67+2,67+2,68+2,17+2
55,F. Arancibia,Francisco Andrés Arancibia Silva,21,1996-12-11,170,62,19.0,2.0,2018-08-21,"RW, LW",68,80,1600000.0,Universidad de Chile,Primera Division,Chile,Left,3,50.0,65.0,72.0,34.0,35.0,66,51,32,66,72,61,64,88,92,52,48,65,69,31,36,10,11,58+1,58+1,58+1,68,66,66,66,68,67+1,67+1,67+1,67+1,61+1,61+1,61+1,67+1,53+1,49+1,49+1,49+1,53+1,50+1,39+1,39+1,39+1,50+1,19+1
56,M. de Ligt,Matthijs de Ligt,23,1999-08-12,189,89,24.0,2.0,2023-09-22,CB,86,89,83000000.0,FC Bayern München,Bundesliga,Netherlands,Right,2,61.0,64.0,68.0,85.0,86.0,52,50,85,79,65,78,73,62,53,84,75,44,45,87,85,12,10,68+3,68+3,68+3,63,65,65,65,63,65+3,65+3,65+3,65+3,70+3,70+3,70+3,65+3,76+3,80+3,80+3,80+3,76+3,78+3,85+3,85+3,85+3,78+3,19+3
57,Diogo Jota,Diogo José Teixeira da Silva,26,1996-12-04,178,68,24.0,2.0,2023-09-22,"CF, LW",85,87,67500000.0,Liverpool,Premier League,Portugal,Right,4,82.0,75.0,85.0,57.0,77.0,73,85,86,77,85,72,84,85,86,86,76,87,78,53,57,9,11,84+2,84+2,84+2,82,84,84,84,82,82+2,82+2,82+2,81+2,78+2,78+2,78+2,81+2,70+2,69+2,69+2,69+2,70+2,68+2,66+2,66+2,66+2,68+2,19+2
58,F. Chiesa,Federico Chiesa,25,1997-10-25,175,70,24.0,2.0,2023-09-22,"LM, LW, RW",84,85,50500000.0,Juventus,Serie A,Italy,Right,4,82.0,76.0,86.0,53.0,75.0,75,81,50,78,89,72,82,91,89,86,84,83,77,60,48,9,7,80+3,80+3,80+3,83,83,83,83,83,82+3,82+3,82+3,83+2,77+3,77+3,77+3,83+2,71+3,68+3,68+3,68+3,71+3,67+3,61+3,61+3,61+3,67+3,16+3
59,K. Mbappé,Kylian Mbappé Lottin,24,1998-12-20,182,75,24.0,2.0,2023-09-22,"ST, LW",91,94,181500000.0,Paris Saint Germain,Ligue 1,France,Right,5,90.0,80.0,92.0,36.0,78.0,78,94,73,86,93,71,92,97,93,90,83,93,83,26,34,11,6,90+3,90+3,90+3,91,91,91,91,91,89+3,89+3,89+3,89+3,81+3,81+3,81+3,89+3,68+3,63+3,63+3,63+3,68+3,63+3,54+3,54+3,54+3,63+3,18+3
60,R. Bentancur,Rodrigo Bentancur Colmán,26,1997-06-25,187,73,24.0,2.0,2023-09-22,"CM, CDM",82,85,39500000.0,Tottenham Hotspur,Premier League,Uruguay,Right,4,67.0,81.0,83.0,79.0,77.0,76,66,65,85,85,83,85,70,70,69,65,72,83,79,83,14,12,73+2,73+2,73+2,77,77,77,77,77,79+2,79+2,79+2,79+2,82+2,82+2,82+2,79+2,80+2,82+2,82+2,82+2,80+2,79+2,78+2,78+2,78+2,79+2,18+2
61,Rodri,Rodrigo Hernández Cascante,27,1996-06-22,191,82,24.0,2.0,2023-09-22,"CDM, CM",89,90,105500000.0,Manchester City,Premier League,Spain,Right,3,73.0,80.0,80.0,85.0,84.0,63,64,81,89,79,90,88,54,65,91,82,75,82,88,87,14,8,77+3,77+3,77+3,76,79,79,79,76,80+3,80+3,80+3,78+3,85+3,85+3,85+3,78+3,80+3,87+3,87+3,87+3,80+3,80+3,84+3,84+3,84+3,80+3,19+3
62,D. Rice,Declan Rice,24,1999-01-14,185,80,24.0,2.0,2023-09-22,"CDM, CM",85,87,63000000.0,Arsenal,Premier League,England,Right,2,65.0,75.0,77.0,83.0,83.0,55,61,72,83,80,84,79,67,55,78,65,58,78,83,84,5,9,71+3,71+3,71+3,71,73,73,73,71,75+3,75+3,75+3,74+3,80+3,80+3,80+3,74+3,79+3,83+3,83+3,83+3,79+3,79+3,82+3,82+3,82+3,79+3,17+3
63,L. Openda,Ikoma Loïs Openda,23,2000-02-16,177,79,24.0,2.0,2023-09-22,ST,82,86,44000000.0,RB Leipzig,Bundesliga,Belgium,Right,3,79.0,68.0,80.0,31.0,78.0,69,83,79,75,80,59,80,94,82,79,72,84,69,29,23,8,13,82+2,82+2,82+2,80,81,81,81,80,78+2,78+2,78+2,79+2,70+2,70+2,70+2,79+2,58+2,54+2,54+2,54+2,58+2,55+2,50+2,50+2,50+2,55+2,18+2
64,F. Valverde,Federico Santiago Valverde Dipetta,24,1998-07-22,182,78,24.0,2.0,2023-09-22,"CM, RW",88,92,130500000.0,Real Madrid,La Liga,Uruguay,Right,3,82.0,84.0,84.0,80.0,82.0,78,79,59,87,83,88,88,84,77,89,87,86,86,79,85,15,8,82+3,82+3,82+3,85,85,85,85,85,86+3,86+3,86+3,85+3,87+3,87+3,87+3,85+3,84+3,85+3,85+3,85+3,84+3,83+3,80+3,80+3,80+3,83+3,18+3
65,Vini Jr.,Vinícius José Paixão de Oliveira Júnior,22,2000-07-12,176,73,24.0,2.0,2023-09-22,LW,89,94,158500000.0,Real Madrid,La Liga,Brazil,Right,5,82.0,78.0,90.0,29.0,68.0,78,89,50,80,92,77,90,95,94,76,80,87,81,32,25,7,10,82+3,82+3,82+3,88,86,86,86,88,86+3,86+3,86+3,86+3,78+3,78+3,78+3,86+3,62+3,58+3,58+3,58+3,62+3,57+3,45+3,45+3,45+3,57+3,16+3
66,S. Tonali,Sandro Tonali,23,2000-05-08,181,79,24.0,2.0,2023-09-22,"CDM, CM",86,89,84000000.0,Newcastle United,Premier League,Italy,Right,3,74.0,81.0,81.0,82.0,84.0,78,69,70,85,78,83,85,81,81,82,83,75,79,83,84,7,7,78+3,78+3,78+3,80,80,80,80,80,81+3,81+3,81+3,81+3,82+3,82+3,82+3,81+3,83+3,84+3,84+3,84+3,83+3,83+3,82+3,82+3,82+3,83+3,17+3
67,A. Hakimi,Achraf Hakimi Mouh,24,1998-11-04,181,73,24.0,2.0,2023-09-22,"RB, RWB",84,86,50500000.0,Paris Saint Germain,Ligue 1,Morocco,Right,4,75.0,80.0,80.0,75.0,78.0,84,75,68,82,79,73,82,91,83,80,73,78,78,75,76,6,8,78+3,78+3,78+3,81,80,80,80,81,80+3,80+3,80+3,82+3,79+3,79+3,79+3,82+3,82+3,79+3,79+3,79+3,82+3,81+3,76+3,76+3,76+3,81+3,16+3
68,E. Haaland,Erling Braut Haaland,22,2000-07-21,195,94,24.0,2.0,2023-09-22,ST,91,94,185000000.0,Manchester City,Premier League,Norway,Left,3,93.0,66.0,80.0,45.0,88.0,47,96,83,77,79,53,82,82,76,94,86,96,74,38,47,11,7,90+3,90+3,90+3,82,86,86,86,82,82+3,82+3,82+3,79+3,74+3,74+3,74+3,79+3,62+3,63+3,63+3,63+3,62+3,60+3,62+3,62+3,62+3,60+3,19+3
69,N. Molina,Nahuel Molina Lucero,25,1998-04-06,175,70,24.0,2.0,2023-09-22,"RB, RWB, RM",82,86,39500000.0,Atlético Madrid,La Liga,Argentina,Right,3,67.0,76.0,79.0,78.0,71.0,82,67,64,80,77,69,81,84,82,70,67,77,76,79,79,5,10,73+2,73+2,73+2,78,77,77,77,78,77+2,77+2,77+2,79+2,77+2,77+2,77+2,79+2,81+2,78+2,78+2,78+2,81+2,80+2,76+2,76+2,76+2,80+2,18+2
70,A. Davies,Alphonso Boyle Davies,22,2000-11-02,185,77,24.0,2.0,2023-09-22,"LB, LM",83,88,52000000.0,FC Bayern München,Bundesliga,Canada,Left,4,66.0,78.0,84.0,74.0,77.0,85,64,70,82,85,71,84,96,86,74,63,77,77,71,74,5,14,77+3,77+3,77+3,82,80,80,80,82,80+3,80+3,80+3,82+3,78+3,78+3,78+3,82+3,81+3,78+3,78+3,78+3,81+3,80+3,76+3,76+3,76+3,80+3,18+3
71,X. Amaechi,Xavier Casmier Amaechi,22,2001-01-05,179,79,24.0,2.0,2023-09-22,RW,64,72,1300000.0,Magdeburg,2. Bundesliga,England,Left,3,54.0,57.0,68.0,31.0,50.0,61,53,31,60,70,41,68,80,77,62,50,59,62,25,34,14,12,57+2,57+2,57+2,64,62,62,62,64,62+2,62+2,62+2,63+2,55+2,55+2,55+2,63+2,52+2,45+2,45+2,45+2,52+2,49+2,38+2,38+2,38+2,49+2,16+2
72,M. Senger,Marvin Senger,23,2000-01-06,193,86,24.0,2.0,2023-09-22,CB,64,71,1100000.0,MSV Duisburg,3. Liga,Germany,Left,2,29.0,44.0,45.0,63.0,73.0,47,23,65,54,39,40,51,66,46,42,31,30,33,61,66,5,14,46+2,46+2,46+2,45,44,44,44,45,44+2,44+2,44+2,48+2,47+2,47+2,47+2,48+2,59+2,57+2,57+2,57+2,59+2,61+2,64+2,64+2,64+2,61+2,16+2
73,R. Kolo Muani,Randal Kolo Muani,24,1998-12-05,187,73,24.0,2.0,2023-09-22,"ST, RM",84,87,58500000.0,Paris Saint Germain,Ligue 1,France,Right,4,78.0,73.0,86.0,38.0,67.0,64,82,79,80,88,62,85,90,84,81,68,85,82,32,33,8,5,83+3,83+3,83+3,83,84,84,84,83,82+3,82+3,82+3,81+3,74+3,74+3,74+3,81+3,62+3,58+3,58+3,58+3,62+3,59+3,52+3,52+3,52+3,59+3,17+3
74,M. Sangare,Mamadou Sangare,21,2002-02-26,178,63,24.0,2.0,2023-09-22,"CM, CAM",64,76,1400000.0,Hartberg,Bundesliga,Mali,Left,3,62.0,62.0,70.0,45.0,59.0,52,58,44,65,72,68,70,79,72,76,63,60,64,37,52,7,13,64+2,64+2,64+2,66,67,67,67,66,67+2,67+2,67+2,66+2,64+2,64+2,64+2,66+2,58+2,57+2,57+2,57+2,58+2,56+2,51+2,51+2,51+2,56+2,15+2
75,Bremer,Gleison Bremer Silva Nascimento,26,1997-03-18,188,82,24.0,2.0,2023-09-22,CB,84,87,49000000.0,Juventus,Serie A,Brazil,Right,2,50.0,56.0,65.0,85.0,83.0,46,49,85,69,62,69,65,77,65,68,39,58,45,84,87,5,6,66+2,66+2,66+2,62,63,63,63,62,62+2,62+2,62+2,64+2,65+2,65+2,65+2,64+2,74+2,76+2,76+2,76+2,74+2,77+2,83+2,83+2,83+2,77+2,18+2
76,J. Tenkorang,Joshua Tenkorang,23,2000-05-26,184,78,24.0,2.0,2023-09-22,"CM, CAM",64,72,1300000.0,Lecco,Serie B,Italy,Right,3,63.0,63.0,64.0,57.0,68.0,54,56,62,67,65,64,67,72,64,78,65,60,63,52,59,5,14,64+2,64+2,64+2,63,64,64,64,63,64+2,64+2,64+2,64+2,64+2,64+2,64+2,64+2,62+2,62+2,62+2,62+2,62+2,61+2,60+2,60+2,60+2,61+2,15+2
77,A. Mac Allister,Alexis Mac Allister,24,1998-12-24,176,72,24.0,2.0,2023-09-22,"CM, CAM, CDM",82,84,39500000.0,Liverpool,Premier League,Argentina,Right,3,79.0,82.0,82.0,70.0,72.0,79,79,61,84,84,81,83,73,76,78,82,79,84,73,73,15,10,77+3,77+3,77+3,80,80,80,80,80,82+2,82+2,82+2,81+3,82+2,82+2,82+2,81+3,76+3,76+3,76+3,76+3,76+3,74+3,70+3,70+3,70+3,74+3,19+3
78,F. Amatucci,Francesco Amatucci,22,2001-06-15,182,75,24.0,2.0,2023-09-22,"CM, CDM",64,70,925000.0,Cittadella,Serie B,Italy,Right,2,55.0,62.0,62.0,67.0,71.0,52,55,60,67,60,64,60,68,65,57,55,58,66,68,69,12,9,61+2,61+2,61+2,61,62,62,62,61,63+2,63+2,63+2,63+2,64+2,64+2,64+2,63+2,65+2,67+2,67+2,67+2,65+2,66+2,67+2,67+2,67+2,66+2,15+2
79,E. Sottini,Edoardo Sottini,20,2002-08-18,191,80,24.0,2.0,2023-09-22,"CB, LB",64,73,1200000.0,Cittadella,Serie B,Italy,Left,2,49.0,55.0,56.0,63.0,67.0,54,47,69,58,55,55,57,69,59,55,46,55,56,60,64,14,11,57+2,57+2,57+2,57,57,57,57,57,56+2,56+2,56+2,58+2,57+2,57+2,57+2,58+2,60+2,60+2,60+2,60+2,60+2,61+2,64+2,64+2,64+2,61+2,16+2
80,J. Bellingham,Jude Victor William Bellingham,20,2003-06-29,186,75,24.0,2.0,2023-09-22,"CM, CAM",86,91,100500000.0,Real Madrid,La Liga,England,Right,4,78.0,80.0,85.0,78.0,82.0,66,81,69,87,87,86,86,77,81,78,76,83,84,77,79,5,8,80+3,80+3,80+3,82,83,83,83,82,84+3,84+3,84+3,83+3,85+3,85+3,85+3,83+3,81+3,83+3,83+3,83+3,81+3,80+3,79+3,79+3,79+3,80+3,18+3
81,A. Jungdal,Andreas Kristoffer Jungdal,21,2002-02-02,195,82,24.0,2.0,2023-09-22,GK,64,75,1100000.0,Cremonese,Serie B,Denmark,Right,1,,,,,,13,7,13,32,7,28,17,21,31,43,5,6,32,5,12,63,67,22+2,22+2,22+2,19,20,20,20,19,22+2,22+2,22+2,20+2,23+2,23+2,23+2,20+2,19+2,24+2,24+2,24+2,19+2,19+2,24+2,24+2,24+2,19+2,63+2
82,L. Hartjes,Lennard Hartjes,20,2003-04-07,170,63,24.0,2.0,2023-09-22,"CDM, CM",64,75,1200000.0,Excelsior,Eredivisie,Netherlands,Right,2,40.0,64.0,69.0,58.0,61.0,56,34,60,70,67,68,70,75,77,51,38,45,67,55,56,6,13,54+2,54+2,54+2,61,59,59,59,61,63+2,63+2,63+2,63+2,64+2,64+2,64+2,63+2,63+2,63+2,63+2,63+2,63+2,62+2,60+2,60+2,60+2,62+2,14+2
83,F. Wirtz,Florian Richard Wirtz,20,2003-05-03,177,71,24.0,2.0,2023-09-22,"CAM, CM",85,91,83500000.0,Bayer 04 Leverkusen,Bundesliga,Germany,Right,4,76.0,83.0,87.0,52.0,63.0,77,78,39,88,87,81,89,78,86,74,75,80,88,59,57,6,10,75+3,75+3,75+3,83,82,82,82,83,84+3,84+3,84+3,83+3,82+3,82+3,82+3,83+3,70+3,70+3,70+3,70+3,70+3,66+3,57+3,57+3,57+3,66+3,19+3
84,A. Paluszek,Aleksander Paluszek,22,2001-04-09,194,81,24.0,2.0,2023-09-22,CB,64,71,1100000.0,Śląsk Wrocław,Ekstraklasa,Poland,Right,2,27.0,39.0,43.0,63.0,72.0,30,25,63,56,36,32,50,50,41,35,20,30,30,63,64,12,7,42+2,42+2,42+2,40,41,41,41,40,41+2,41+2,41+2,43+2,45+2,45+2,45+2,43+2,55+2,57+2,57+2,57+2,55+2,57+2,64+2,64+2,64+2,57+2,15+2
85,J. Baas,Julian Baas,21,2002-04-16,183,80,24.0,2.0,2023-09-22,"CM, RM, CDM",64,73,1300000.0,Excelsior,Eredivisie,Netherlands,Right,3,57.0,65.0,63.0,55.0,71.0,63,50,52,66,64,64,65,68,56,72,64,56,64,50,56,12,7,60+2,60+2,60+2,62,62,62,62,62,63+2,63+2,63+2,64+2,64+2,64+2,64+2,64+2,63+2,63+2,63+2,63+2,63+2,62+2,59+2,59+2,59+2,62+2,15+2
86,C. Sandra,Cisse Sandra,19,2003-12-16,184,76,24.0,2.0,2023-09-22,"RM, CAM",64,78,1400000.0,Excelsior,Eredivisie,Belgium,Left,3,62.0,63.0,68.0,37.0,63.0,59,62,47,67,68,62,69,64,74,66,61,51,65,39,34,6,6,61+2,61+2,61+2,64,63,63,63,64,64+2,64+2,64+2,63+2,61+2,61+2,61+2,63+2,52+2,52+2,52+2,52+2,52+2,49+2,46+2,46+2,46+2,49+2,15+2
87,A. Amenda,Aurèle Amenda,19,2003-07-31,194,90,24.0,2.0,2023-09-22,CB,64,76,1300000.0,Young Boys,Super League,Switzerland,Right,2,27.0,50.0,46.0,61.0,78.0,40,23,60,65,42,62,51,34,34,42,18,38,35,64,58,13,6,45+2,45+2,45+2,42,43,43,43,42,45+2,45+2,45+2,47+2,52+2,52+2,52+2,47+2,55+2,62+2,62+2,62+2,55+2,56+2,64+2,64+2,64+2,56+2,15+2
88,V. Brazhko,Volodymyr Brazhko,21,2002-01-23,184,77,24.0,2.0,2023-09-22,CDM,64,72,1200000.0,Dynamo Kyiv,Premier League,Ukraine,Right,2,31.0,54.0,54.0,59.0,66.0,35,25,42,65,49,60,61,59,53,43,31,39,59,60,58,6,14,47+2,47+2,47+2,50,51,51,51,50,54+2,54+2,54+2,53+2,58+2,58+2,58+2,53+2,59+2,63+2,63+2,63+2,59+2,59+2,61+2,61+2,61+2,59+2,15+2
89,A. Marinelli,Alan Nicolás Marinelli,24,1999-04-07,174,70,24.0,2.0,2023-09-22,"RM, ST, LM",64,70,925000.0,Sarmiento,Liga Profesional,Argentina,Left,3,60.0,58.0,67.0,36.0,51.0,65,63,43,61,68,50,66,79,75,63,57,50,55,38,36,10,14,59+2,59+2,59+2,64,62,62,62,64,61+2,61+2,61+2,63+2,55+2,55+2,55+2,63+2,52+2,47+2,47+2,47+2,52+2,49+2,43+2,43+2,43+2,49+2,14+2
90,E. Barrenechea,Enzo Barrenechea,22,2001-05-22,186,81,24.0,2.0,2023-09-22,"CDM, CM",64,77,1400000.0,Frosinone,Serie A,Argentina,Right,3,63.0,63.0,68.0,58.0,64.0,49,58,45,70,71,70,67,65,64,71,67,59,64,59,60,9,6,62+2,62+2,62+2,63,64,64,64,63,65+2,65+2,65+2,64+2,66+2,66+2,66+2,64+2,61+2,63+2,63+2,63+2,61+2,60+2,59+2,59+2,59+2,60+2,14+2
91,M. Baur,Mika Baur,18,2004-07-09,172,62,24.0,2.0,2023-09-22,"RM, CM",64,71,1100000.0,Freiburg II,3. Liga,Germany,Right,3,56.0,62.0,66.0,43.0,54.0,62,60,49,69,68,60,67,67,72,56,49,59,63,37,46,13,12,59+2,59+2,59+2,63,62,62,62,63,63+2,63+2,63+2,63+2,60+2,60+2,60+2,63+2,54+2,53+2,53+2,53+2,54+2,52+2,48+2,48+2,48+2,52+2,16+2
92,B. Diarra,Brahima Diarra,19,2003-07-05,174,63,24.0,2.0,2023-09-22,"CAM, LW, RW",64,79,1400000.0,Huddersfield Town,Championship,France,Right,4,52.0,56.0,72.0,31.0,56.0,49,52,40,59,74,58,68,84,82,59,49,60,62,37,29,13,9,59+2,59+2,59+2,64,63,63,63,64,64+2,64+2,64+2,64+2,57+2,57+2,57+2,64+2,49+2,47+2,47+2,47+2,49+2,47+2,41+2,41+2,41+2,47+2,15+2
93,F. Carboni,Franco Ezequiel Carboni,20,2003-04-04,183,76,24.0,2.0,2023-09-22,"LWB, LM, LB",64,78,1300000.0,Monza,Serie A,Argentina,Left,2,40.0,55.0,57.0,60.0,65.0,61,36,62,60,57,47,59,64,52,48,39,53,45,59,60,7,12,53+2,53+2,53+2,55,54,54,54,55,54+2,54+2,54+2,57+2,55+2,55+2,55+2,57+2,62+2,59+2,59+2,59+2,62+2,62+2,61+2,61+2,61+2,62+2,16+2
94,F. Ortellado,Franco Tomás Ortellado,22,2001-05-30,188,83,24.0,2.0,2023-09-22,CB,64,74,1200000.0,Sportivo Ameliano,Primera División,Argentina,Left,2,30.0,36.0,46.0,64.0,73.0,31,27,63,42,36,38,51,61,57,44,23,24,29,64,66,14,6,43+2,43+2,43+2,40,40,40,40,40,40+2,40+2,40+2,42+2,43+2,43+2,43+2,42+2,54+2,56+2,56+2,56+2,54+2,57+2,64+2,64+2,64+2,57+2,16+2
95,T. Corazza,Tommaso Corazza,19,2004-06-29,174,72,24.0,2.0,2023-09-22,"LB, LM",64,79,1300000.0,Bologna,Serie A,Italy,Right,2,50.0,59.0,64.0,61.0,60.0,63,41,53,65,63,52,65,65,71,61,62,59,50,63,62,9,10,57+2,57+2,57+2,61,59,59,59,61,60+2,60+2,60+2,60+2,59+2,59+2,59+2,60+2,62+2,60+2,60+2,60+2,62+2,62+2,61+2,61+2,61+2,62+2,14+2
96,T. Castro Ponce,Tomás Ezequiel Castro Ponce,22,2001-03-03,186,81,24.0,2.0,2023-09-22,"CAM, CM, RM",64,75,1300000.0,Atlético Tucumán,Liga Profesional,Argentina,Right,3,55.0,62.0,67.0,51.0,65.0,53,50,46,66,67,63,68,68,71,67,53,62,67,47,59,7,10,60+2,60+2,60+2,63,63,63,63,63,64+2,64+2,64+2,63+2,63+2,63+2,63+2,63+2,58+2,59+2,59+2,59+2,58+2,57+2,56+2,56+2,56+2,57+2,14+2
97,K. Yıldız,Kenan Yıldız,18,2005-05-04,185,75,24.0,2.0,2023-09-22,"CF, LM",64,80,1500000.0,Juventus,Serie A,Turkey,Right,2,56.0,63.0,68.0,28.0,59.0,60,54,60,68,68,58,70,69,72,56,60,60,64,28,20,8,14,61+2,61+2,61+2,65,64,64,64,65,65+2,65+2,65+2,64+2,60+2,60+2,60+2,64+2,49+2,47+2,47+2,47+2,49+2,46+2,41+2,41+2,41+2,46+2,17+2
98,B. Cremaschi,Benjamin Cremaschi,18,2005-03-02,180,75,24.0,2.0,2023-09-22,"CAM, CF, CM",64,79,1400000.0,Inter Miami,Major League Soccer,United States,Right,3,56.0,59.0,66.0,42.0,53.0,40,58,38,69,66,63,66,68,71,60,50,60,63,38,49,12,14,58+2,58+2,58+2,62,62,62,62,62,64+2,64+2,64+2,61+2,61+2,61+2,61+2,61+2,52+2,53+2,53+2,53+2,52+2,51+2,47+2,47+2,47+2,51+2,17+2
